task,model,mae,rmse,r2_or_accuracy
budget_allocation,Linear Regression,0.2547174106511179,0.4189044402612898,0.9501852966623587
budget_allocation,Decision Tree,0.2446085028399384,0.40178463450328866,0.9653368290815824
budget_allocation,Random Forest,0.17528775665508223,0.2805614610732716,0.9829438223346599
health_score_regression,Random Forest Regressor,0.637435181056292,1.2219116571192479,0.9985127089258924
spender_classification,Random Forest Classifier,,,0.9966666666666667
